{
    "cum_return": 6.760181262309129,
    "annual_return": 0.2702504194526416,
    "volatility": 0.25300279894155897,
    "sharpe": 0.9891211500409007,
    "max_dd": -0.3690562137347245,
    "calmar": 0.7322744053481675
}